Time,Alabama (Index),Alaska (Index),Arizona (Index),Arkansas (Index),California (Index),Colorado (Index),Connecticut (Index),Delaware (Index),Florida (Index),Georgia (Index),Hawaii (Index),Idaho (Index),Illinois (Index),Indiana (Index),Iowa (Index),Kansas (Index),Kentucky (Index),Louisiana (Index),Maine (Index),Maryland (Index),Massachusetts (Index),Michigan (Index),Minnesota (Index),Mississippi (Index),Missouri (Index),Montana (Index),Nebraska (Index),Nevada (Index),New Hampshire (Index),New Jersey (Index),New Mexico (Index),New York (Index),North Carolina (Index),North Dakota (Index),Ohio (Index),Oklahoma (Index),Oregon (Index),Pennsylvania (Index),Rhode Island (Index),South Carolina (Index),South Dakota (Index),Tennessee (Index),Texas (Index),Utah (Index),Vermont (Index),Virginia (Index),Washington (Index),Washington DC (Index),West Virginia (Index),Wisconsin (Index),Wyoming (Index)
1975/1,72.92,62.63,60.21,66.83,41.66,54.35,62.15,77.7,65.94,74.1,70.95,70.33,66.28,66.04,58.94,61.93,64,51.67,54.39,61.89,68.05,60.2,55.31,75.12,65.59,57.42,63.79,52.73,91.61,63.78,56.95,78.47,66.06,67.8,64.95,52.09,50.96,70.79,61.51,75.32,75.11,68.04,55.47,55.12,77.38,70.11,46.18,46.19,50.16,61.82,49.3
1975/2,72.2,64.13,60.23,60.76,42.73,54.63,62.6,89.6,83.05,71.94,53.53,65.33,62.28,60.84,63.7,62.43,65.72,55.41,87.82,62.3,66.05,62.48,55.39,71.77,73.25,56.34,62.97,44.22,70.11,59.5,58.76,75.77,67.01,59.25,64.81,52.93,51.7,69.69,66.13,70.41,70.15,68.69,58.43,57.49,77.05,66.64,47.21,47.55,64.7,62.69,48.13
1975/3,74.48,67.18,59.41,65.31,44.29,54.71,61.77,116.1,66.72,74.38,55.93,55.95,64.11,62.02,64.27,63.53,67.06,52.84,68.47,65.11,67.59,63.22,58.09,72.53,65.55,59.72,60.94,54.1,61.94,60.23,59.75,77.47,68.37,66.05,64.4,52.48,54.23,74.17,65.17,72.25,65.15,67.76,56.09,55.35,67.14,67.41,49.6,46.95,66.54,64.29,50.29
1975/4,70.43,68.59,56.58,62.71,45.79,54.82,62.07,75.21,68.12,73.95,55.74,62.43,66.75,63.36,65.9,64.73,68.47,55.65,71.11,66.8,70.5,62.27,60.06,72.86,65.12,58.64,67.99,53.1,49.2,63,55.56,79.87,70.5,63.15,65.95,53.32,53.38,71.8,67.44,70.11,63.84,70.85,59.39,60.05,72.71,67.92,47.99,54.39,66.85,69.03,53.68
1976/1,76.95,71.05,59.08,66.58,47.81,54.82,64.68,80.27,67.83,71.26,53.95,56.13,67.68,62.25,67.79,66.72,69.72,59.11,55.49,66.96,67.78,62.61,62.29,73.64,67.01,60.14,67.29,44.09,63.62,62.17,59.77,73.25,69.09,74.82,66.57,54.62,57.23,72.73,66.23,70.89,62.94,69.94,58.69,61.66,116.98,69.36,50.35,52.63,62.01,65.73,54.62
1976/2,76.36,73.22,62.82,68.95,50.24,59.8,64.01,85,75.96,73,57.16,87.29,70.25,65.81,70.29,67.4,68.64,58.86,69.9,69.7,69.03,64.13,62.32,74.58,77.3,66.13,67.63,56.7,60.84,63.75,61.52,74.97,69.73,73.01,68.69,60.8,56.85,76.73,69.07,77.43,65.69,68.58,63.47,61.28,57.58,68.55,53.57,52.46,67.09,65.58,55.49
1976/3,77.03,74.58,60.96,71.73,53.55,59.52,67.14,80.68,69.28,78.97,54.94,68.95,73.41,65.66,74.2,68.8,69.11,58.26,84.07,70.53,69.01,64.28,63.01,71.86,69.45,65.38,67.85,60.72,65.46,66.01,63.8,75.63,70.48,71.57,71.05,59.28,59.97,77.57,70.85,76.84,68.59,71.47,63.25,64.66,81.18,70.65,56.55,58.25,68.58,67.64,58.66
1976/4,79.55,74.33,61.34,72.29,55.55,61.96,67.95,87.27,70.59,78.72,56.66,69.93,72.99,68.58,71.32,70.69,69.36,61.78,68.5,71.54,70.59,65.65,64.43,80.7,69.14,65.7,70.54,61.59,71.74,62.03,65.27,74.02,70.47,72.65,72.42,62.09,63.55,75.21,69.89,75.84,67.23,71.94,63.23,64.09,79.55,72.03,57.73,57.21,62.08,68.3,62.89
1977/1,81.18,80.32,63.61,73.5,58.02,64.88,63.98,89.28,71.14,76.71,56.58,73.35,80.15,71.03,75.98,72.89,69.92,62.77,74.41,72.1,72.71,67.28,66.61,74.45,71.33,66.63,72.26,61.01,72.97,65,70.27,77.8,75.13,82.2,73.23,63.8,67.17,74.59,69.66,75.94,62.92,75.16,65.96,69.25,114.52,73.14,59.73,59.15,67.04,72.71,63.38
1977/2,83.53,78.7,64.16,75.15,62.99,65.58,68.44,78.12,79.06,76.25,58.62,73.99,83.77,71.06,78.34,76.04,73.49,65.2,80.55,73.48,70.15,68.04,68.77,77.57,81.07,72.32,74.02,63.1,69.01,65.91,70.16,82.94,73.92,85.93,75.29,63.74,69.14,80.4,72.78,79.18,70.38,77.55,71.53,70.71,82.46,75.07,62.9,63.55,84.96,76,64.83
1977/3,87.99,83.44,66.31,78.58,67.93,69,71.54,81.72,72.38,78.77,61.3,78.98,83.18,73.92,80.12,77.55,76.7,62.62,81.04,76.69,73.93,71.21,73.1,78.19,77.66,77.1,78.51,71.2,70.49,67.42,73.08,82.37,76.67,80.08,78.83,67.87,74.05,80.98,75.51,81.53,78.74,78.12,69.27,74.77,76.31,77.37,67.33,66.33,73.38,78.02,67.23
1977/4,89.27,78.12,70.18,81.12,70.65,72.89,72.43,83.05,74.78,78.56,62.93,83.51,88.69,78.18,83.7,79.86,78.65,68.53,87.37,77.14,73.99,72.59,74.87,87.23,80.1,80.52,80.16,73.96,73.94,69.42,75.92,84.7,81.24,77.85,81.13,69.6,78.28,83.79,77.8,82.79,81.28,79.58,73.39,75.11,76.85,78.99,70.78,71.83,85.57,80.89,71.16
1978/1,88.52,79.9,71.43,81.23,73.21,75.91,73.63,87.68,78.54,84.07,66.25,90.29,90.96,81.93,85.97,82.58,81.2,73.15,82.26,81.94,78.83,75.52,76.29,86.59,82.96,90.06,78.93,76.19,75.06,71.19,77.19,83.36,82.91,87.98,83.23,72.04,80.17,84.1,80.44,82.42,75.81,84.86,76.63,81.46,90.83,80.41,74.34,68.31,84.49,84.59,73.12
1978/2,88.49,86.41,74.2,83.72,75.99,79.87,79.35,90.36,83.41,81.74,65.42,90.29,98.09,84.48,90.32,85.14,83.91,73.46,91.7,83.43,79.91,79.48,82.1,88.14,92.66,89.98,85.73,80.72,74.62,73.2,78.07,87.66,83.04,83.24,86.41,77.86,84.78,87.46,82.37,87.12,84,83.69,78.82,83.97,92.07,83.38,79.71,77.39,80.12,87.55,76.68
1978/3,96.65,88.67,79.13,86.35,78.6,84.08,87.18,85.54,83.03,85.34,67.01,92.29,99.37,86.99,91.29,88.59,88.66,77.66,90.08,85.76,84.93,82.88,85.62,92.93,90,90.52,86.73,86.64,83.42,76.35,81.34,83.98,86.61,89.83,89.08,81.82,88.23,86.5,84.68,88.38,85.77,87.33,81.29,87.18,99.55,86.11,83.9,81.14,83.4,90.75,78.83
1978/4,96.11,86.6,83.29,86.24,81.77,87.41,88.24,83.34,84.7,86.42,74.84,90.63,101.96,89.52,95.47,90.55,91.59,81.91,93.56,88.31,87.86,86.8,87.58,90.22,90.97,92.25,86.98,89.57,87.71,79.46,83.99,84.32,87.27,85.89,91.43,84.26,92.08,87.96,88.15,90.09,85.29,90.44,85.52,90.23,87.53,89.27,86.86,80.75,84.69,92.65,82.38
1979/1,99.44,89.95,87.7,92.15,84.84,91.73,95.31,86.3,89.8,87.85,73.96,98.76,97.55,93.15,96.37,92.45,95.5,87.89,103.48,91.11,91.3,91.27,91.28,98.7,95.96,95.42,93,92.62,89.19,84.93,89.18,96.1,90.33,99.04,95.69,88.32,96.01,92.33,90.54,94.15,88.79,91.01,89.48,94.53,94.55,89.49,88.96,88.82,83.25,96.65,87.45
1979/2,100.16,99.39,92.9,95.31,88.61,94.48,97.46,87.51,92.37,91.02,81.9,96.46,102.41,96.3,99.57,94.44,97.69,91.96,103.07,94.76,94.15,96.03,94.52,101.99,102.73,100.31,94.22,98.5,93.2,87.18,91.9,95.9,91.76,98.29,98.51,90.62,96.25,96.95,92.45,96.22,90.54,92.12,92.76,97.89,87.55,91.66,93.82,88.2,88.83,99.68,92.38
1979/3,101.42,97.17,95.71,99.7,93.08,97.46,100.4,94.88,93.7,92.26,89.73,99.8,101.13,97.8,102.67,97.54,96.95,95.37,97.85,96.83,97.59,99.03,97.34,106.46,98.61,97.47,97.29,100.43,97.31,91.75,93.89,94.74,96.16,97.39,99.16,93.41,98.27,96.25,93.56,97.83,99.4,96.75,95.14,98.12,95.55,94.61,95.96,91.11,88.72,99.42,97.8
1979/4,108.06,96.62,99.38,101.91,96.4,99.46,101.78,96.46,98.09,95.77,92.95,101.22,99.52,97.79,101.72,98.12,99.41,97.41,106.08,98.05,98.51,99.42,99.25,93.3,100.69,104.59,98.56,96.25,95.87,94.4,95.29,98.15,96.21,100.42,100.83,95.93,100.17,98.86,101,100.46,90.72,96.3,96.94,99.68,108.98,95.61,98.04,98.18,94.9,100.12,96.65
1980/1,100,100,100,100,100,100,100,100,100,100,100,100,100,100,100,100,100,100,100,100,100,100,100,100,100,100,100,100,100,100,100,100,100,100,100,100,100,100,100,100,100,100,100,100,100,100,100,100,100,100,100
1980/2,103.08,83.43,98.98,101.28,102.84,102.25,101.62,107.61,99.76,100.4,101.97,102.3,100.78,99.41,100.95,101.6,101.3,99.44,102.25,103.11,104.42,101.84,102.33,97.43,111.02,93.29,103.78,102.56,97.04,101.64,97.6,107.13,98.9,107.72,99.65,98.88,98.77,96.24,103.36,103.96,107.03,100.3,104.48,98.5,101.05,101.05,100.41,96.08,104.05,100.98,97.55
1980/3,109.88,73.76,107.5,107.11,106.55,107.06,103.76,110.22,105.81,102.19,101.67,106.62,102.42,102.04,101.6,102.22,101.25,101.08,109.28,104.95,108.9,102.84,106.65,104.21,105.18,108.42,101.85,106.44,101.72,100.82,99.06,115.06,101.31,99.83,102.07,103.96,105.56,101.62,102.48,109.47,101.15,99.47,103.89,103.71,103.84,104.39,103.5,98.43,102.71,104.94,101.4
1980/4,108.91,95.64,108.1,109.18,108.41,106.57,105.06,106.96,108.7,102.78,108.05,102.76,95.76,101.34,97.65,104.22,104.75,102.59,105.77,107.65,109.17,101.76,104.56,104.02,105.53,102.04,105.8,101.98,97.98,103.91,105.1,111.26,102.66,92.01,103.48,101.58,102.04,101.61,99.15,106.18,97.77,100.09,105.6,104.78,110.35,104.18,101.89,101.18,116.2,101.59,94.88
1981/1,105.39,89.65,108.85,110.14,110.44,106.56,103.88,109.49,110.31,107.32,102.43,111.19,101.82,103.92,94.96,98.59,107.76,106.62,119.22,110.64,113.04,103.23,100.8,93.98,103.28,96.15,103.1,109.46,98.17,104.34,101.12,112.21,106.3,102.49,103.32,102.76,97.68,101.63,95.48,113.97,92.3,96.64,104.46,106.1,110.5,106.14,99.84,91.12,99.36,102.64,106.97
1981/2,109.06,109.26,112.53,107.08,112.95,108.56,110,104.14,112.35,107.93,98.42,102.17,106.68,102.79,93.62,103.31,105.75,108.31,113.58,112.89,119.22,103.45,100.04,115.14,103.61,102.65,102.77,117.03,100.58,106,111.03,108.41,106.28,97.85,103.61,106.34,99.16,103.88,106.66,115.81,98.53,106.64,111.14,109.72,108.44,105.56,104.1,105.49,95.06,103.02,109.67
1981/3,112.93,116.97,117.09,109.46,116.34,114.65,114.19,116.46,108.23,108.66,86.4,103.26,103.04,104.97,87.35,103.37,103.28,111.13,108.61,111.33,122.01,106.21,103.53,107.68,103.07,114.61,100.81,116.18,98.99,107.67,113.73,115.64,105.93,116.65,103.27,111.62,96.38,104.45,104.46,117.95,104.15,108.48,114.45,108.28,99.56,106.21,105.32,97.06,109.47,103.02,109.75
1981/4,106.97,129.89,110.54,102.38,117.54,110.46,111.46,107.8,104.88,112.73,49.41,119.62,104.55,106.9,102.78,105.29,103.5,112.94,117.27,114.26,122.02,105.33,106.65,93.31,102.23,100.72,100.25,115.39,105.73,106.11,117.49,114.28,104.43,109.99,100.3,113.28,90.19,101.44,100.62,115.92,86.82,97.89,112.42,110.39,62.99,109.88,103.74,102.75,108.76,91.13,109.53
1982/1,109.13,137.28,105.65,103.42,104.54,119.68,111.87,102.77,113.28,113.54,113.17,93.61,95.2,104.36,96,103.66,106.44,110.13,104.99,106.74,124.09,104.46,89.34,102.9,103.23,105.68,106.26,120.32,105.67,105.43,105.55,123.38,106.63,99.36,89.19,116.01,96.84,103.85,104.22,119.63,68.82,106.06,122.42,106.73,122.35,97.99,86.92,76.02,68.91,86.42,110.59
1982/2,107.06,132.36,109.73,106.3,107.53,120.96,112.47,113.59,114.82,115.48,104.41,110.07,95.09,103.64,97.05,104.27,106.44,114.46,114.08,108.45,125.15,99.62,91.72,105.47,101.75,114.74,107.16,121.09,104.89,109.21,116.42,125.24,109.56,83.96,96.76,118.92,93.35,104.01,103.73,118.94,110.04,99.03,119.16,108.8,116.99,109.54,93.73,102.35,114.11,96.29,108.05
1982/3,107.67,141.71,102.06,110.97,105.01,122.6,111.06,113.67,105.2,114.35,100.8,104.98,87.4,95.43,86.05,105.17,104.93,115.08,109.4,106.79,127.04,94.59,98.79,108.46,103.68,101.25,109.12,121.06,106.89,109.31,129.61,122.44,107.86,73.09,99.06,119.82,96.18,104.49,104.24,120.5,106.72,105.92,118.25,111.92,108.21,103.81,93.99,83.77,84,98.54,109.07
1982/4,115.26,140.82,109.19,108.85,115.89,126.58,112.88,116.07,113.05,116.52,86.44,111.58,102.46,104.04,94.52,105.32,106.97,115.22,112.93,110.96,128.43,87.79,105.9,108.71,104.16,113.82,108.82,123.34,106.17,109.68,123.12,126.46,111.92,98.44,103.02,122.88,102.61,105.3,108.94,120.48,118.99,103.97,120.96,114.03,114.03,112.89,103.71,101.34,86.69,99.47,112.58
1983/1,114.65,139.71,119.4,113.43,116.75,126.21,118.85,116.95,121.43,117.72,102.57,111.2,100.95,105.95,98.28,106.09,108.46,115.99,113.94,113.51,130.71,96.67,109.64,112.37,105.59,99.45,109.25,120.42,108.51,110.23,128.32,128.79,112.83,99.36,102.41,123.78,98.69,108.72,110.3,123.88,106.49,110.5,125.59,114.26,118.22,115.33,104.94,94.44,98.39,103.81,110.89
1983/2,114.42,141.23,119.63,116.71,117.46,125.21,121.1,119.41,123.74,118.48,106.53,107.34,104.37,106.02,99.19,108.91,109.77,117.05,119.38,115.51,136.56,97.09,111.59,112.96,108.13,105.44,109.22,118.63,111.6,113.85,121.57,132.88,111.26,106.87,105.36,125.8,100.45,110.54,112.08,121.43,121.52,110.93,125.9,115.01,112.64,118.19,104.78,96.95,92.16,106.19,105.82
1983/3,116.81,147.39,115.83,118.81,117.28,126.58,122.57,122.72,124.23,121.11,112.58,107.6,105.57,105.64,98.82,106.63,110.09,115.73,125.12,116.67,143.52,97.24,111.46,110.56,111.57,110.9,111.4,120.6,115.29,117.71,123.34,138.29,114.07,90.16,106.16,126.79,99.41,112.86,119.5,124.44,100.88,112.4,125.7,111.53,118.19,118.83,104.08,101.9,92.76,105.84,103.11
1983/4,113.64,146.94,113.53,118.56,117.8,122.07,126.27,128.22,124.61,120.85,106.48,108.83,106.76,105.16,98.55,107.75,109.18,116.37,131.33,118.1,148.89,95.15,109.32,115,112.63,115.15,112.13,115.74,117.14,120.94,125.31,147.18,115.42,109.49,105.65,126.22,98.69,113.75,121.23,120.9,100.57,114.05,126.13,112.62,123.5,118.68,104.89,100.38,91.73,105.89,98.96
1984/1,123.57,151.07,118.02,120.82,119.52,126.26,131.23,125.55,125.64,124.31,108.44,110.34,107.49,105.23,98.84,107.96,112.6,116.56,131.79,118.85,156.84,97.59,113.4,118.4,113.26,124.04,110.41,120.57,121.67,124,123.76,150.74,118.13,118.49,106.08,122.38,98.63,113.82,119.71,127.61,113.65,110.29,125.11,112.14,121.85,121.49,106.95,101.76,98.1,106.12,100.31
1984/2,120.28,148.66,122.17,118.9,120.14,125.61,134.57,129.08,126.75,126.66,113.78,109.31,110.27,107.79,100.75,108.14,110.62,117.17,138.45,122.78,165.31,97.14,113.53,115.18,115.29,121.39,112.8,118.96,126.87,130.3,120.9,156.65,122.46,112.79,107.25,122.11,97.79,116.91,121.52,126.26,109.56,116.54,126.15,113.99,123.83,123.28,107.61,103.76,93.29,107.92,95.78
1984/3,124.73,155.39,123.37,119.74,121.74,125.78,140.29,132.25,127.98,124.56,110.11,111.18,110.92,106.7,99.45,107.85,112.72,115.9,142.23,124.21,175.23,97.3,115.48,112.85,118.92,116.25,112.33,113.58,132.7,135.07,126.05,162.14,121.72,114.81,107.32,120.18,96.26,118.7,127.4,123.84,117.91,110.07,128.58,114.76,126.24,124.89,109.31,106.07,94.36,107.97,98.49
1984/4,121.23,153.52,122.85,121.31,122.82,123.54,141.82,134.13,126.37,129.27,109.4,114.22,112.52,108.88,101.05,107.57,112.81,114.54,139.95,124.67,181.4,97.5,115.61,114.36,118.93,113,111.44,117.58,136.79,138.36,126.83,169.19,124.93,109.49,107.52,119.66,99.42,119.61,129.22,128.06,106.9,119.21,128.02,111.99,127.04,124.57,110.1,107.99,86.83,106.28,95.96
1985/1,121.4,145.55,125.55,121.37,124.55,126.37,148.47,137.09,127.76,131.75,114.98,108.96,113.3,109.77,101.69,108.8,114.32,111.56,145.53,126.7,191.06,99.7,116.69,120.03,120.22,116.48,111.43,118.5,141.23,142.3,126.1,176.27,127.75,109.72,108.17,118.83,98.06,121.12,131.93,131.2,110.46,121.2,126.62,116.55,129.61,127.56,110.62,107.25,92.11,107.93,97.3
1985/2,124.54,146.14,126.02,119.91,126.35,125.63,155.54,141.07,128.23,129,113.28,114.33,114.72,111.27,101.61,109.32,115.47,113.13,150.3,128.55,205.56,100.81,118.18,121.95,123.54,111.06,112.99,118.55,151.46,148.61,126.28,184.61,130.17,110.09,109.38,117.04,97.99,124.26,138.32,131.47,109.05,122.11,127.72,116.04,134.41,129.69,110.94,110.73,95.36,109.73,95.15
1985/3,127.38,146.7,127.68,124.32,129.19,126.65,160.07,143.71,128.05,135.15,117.22,115.7,116.07,111.86,103.17,109.91,114.8,113.17,156.03,130.82,218.58,102.7,115.53,122.59,125.44,116.73,113.13,119.22,158.98,155.14,128.2,191.24,133.04,113.34,110.68,117.32,97.09,126.72,142.66,132.27,112.96,124.53,127.67,116.25,136.23,131.55,111.68,112.2,92.73,110.69,94.08
1985/4,128.27,142.77,129.32,124.63,130.6,124.34,168.8,146.15,129.78,137.82,118.24,113.51,118.04,113.57,102.31,110.68,117.02,110.73,164.35,131.07,232.99,103.8,119.78,122.74,126.49,119.01,114.24,119.97,169.13,162,128.24,198.79,134.8,108.97,111.55,114.24,97.3,128.43,151.33,132.68,112.87,125.94,126.41,115.07,139.13,132.35,112.16,114.01,88.62,110.79,94.28
1986/1,129.43,143.53,131.89,125.91,132.29,128.85,174.52,151.57,131.23,140.12,120.12,115.51,119.78,114.87,103.47,112.84,118.66,113.66,166.94,133.72,242.32,105.43,121.16,124,127.4,118.22,115.44,122.32,177.27,168.14,130.2,206.66,135.94,113.04,113.03,115.91,98.05,131.44,155.57,135.86,116.84,128.73,129.43,119.13,144.53,134.61,113.61,113.85,95.87,112.34,97.43
1986/2,131.83,145.9,135.84,128.91,134.84,129.6,185.44,154.96,134.66,141.98,120.42,113.85,122.43,116.91,103.96,113.36,120.7,114.37,172.74,137.58,254.44,108.81,120.36,125.63,129.37,114.98,115.6,124.88,185.52,178.22,132.83,217.22,138.58,112.48,114.56,117.12,98.83,135.14,163.25,136.89,118.1,130.68,131.5,118.87,146.59,137.06,114.26,119.4,96.55,113.64,97.8
1986/3,133.44,141.33,135.8,126.87,137.78,128.73,199.38,159.75,135.55,143.71,121.31,115,125.16,118.6,104.41,114.38,120.88,111.72,180.14,141.01,266.84,112.07,123.97,124.12,131.91,115.93,115.65,125.27,194.28,189.38,132.32,227.09,141.05,111.68,116.42,113.01,99.61,139.75,174.47,138.85,114.15,132.91,128.81,118.18,152.41,140.06,114.77,122.78,95.58,113.95,94.77
1986/4,135.88,138.07,133.52,128.37,141.15,128.04,212.71,165.24,135.75,146.08,124.22,115.59,128.11,120.1,104.06,114.92,123.62,110.69,188.69,144.81,279.49,114.57,123.87,124.66,134.03,116.31,116.98,124.6,205.27,199.23,133.03,237.26,142.87,109.56,117.97,111.43,97.96,144.43,190.74,140.92,117.12,134.82,126.48,117.87,158.45,142.47,115.99,127.78,98.38,114.4,90.58
1987/1,138.02,134.36,138.21,129.55,144.76,129.8,224.91,171.66,136.44,148.46,128.34,117.08,130.57,121.88,105.54,115.76,125.05,110.73,195.94,148.91,289.08,117.51,126.67,126.09,135.87,110.96,117.54,127.47,210.6,210.29,134.93,246.7,145.56,113.37,120.19,111.35,100.09,149.19,204.43,143.62,120.88,138.32,126.82,119.22,163.69,145.57,117.16,132.78,97.15,115.32,93.31
1987/2,139,125.11,137.11,131.06,148.32,128.27,237.38,175.8,138.56,150.18,131.24,114.57,135.27,123.34,105.57,117.59,126.43,110.29,203.56,153.23,296.29,121.46,128.91,125.94,138.84,113.57,116.89,126.74,219.49,221.52,133.69,255.35,147.1,110.59,122.63,108.17,100.45,155.21,216.12,145.06,118.57,140.76,123.08,117.88,168.77,149.56,118.15,135.5,98.82,116.62,87.8
1987/3,139.62,116.74,136.17,127.96,153,125.54,249.96,183.22,138.77,151.82,133.4,110.79,138.46,124.86,105.64,117.25,129.17,104.9,212.91,160.11,305.3,124.06,130.26,124.25,140.23,111.84,115.51,126.48,221.77,230.14,132.09,267.01,149.48,110.84,125.07,102.53,99.58,162.82,231.92,145.07,117.64,141.07,118.23,113.59,172.98,156.77,118.96,139.97,96.43,118.18,82.88
1987/4,138.22,105.72,133.84,124.22,157.33,124.44,257.57,188.01,139.78,152.56,136.34,111.01,140.4,125.29,102.48,116.55,129.53,104.71,221.45,162.44,307.67,126.11,129.3,123.53,140.82,105.63,116.04,125.38,226.04,235.5,131.15,270.86,150.53,110.41,126.32,100.24,98.89,168.37,241.47,145.77,119.21,143.09,114.65,112.67,182.49,160.35,119.72,146.21,97.33,119.4,78.84
1988/1,142.12,121.67,135.27,126.79,163.08,125.4,263.42,190.62,141.24,154.72,144.62,113.91,143.35,128.06,104.72,117.17,131.7,101.97,225.81,167.92,310.85,127.92,131.65,122.06,140.85,110.35,117.1,126.7,225.72,240.5,130.77,277.23,151.66,107.57,128.47,98.1,100.89,171.81,250.09,148.41,115.15,144.22,114.65,112.75,186.85,165.03,122.02,154.33,96.53,120.24,81.1
1988/2,142.95,116.11,136.49,127.62,169.81,125.17,267.62,196.21,144.18,156.58,151.92,114.75,147.93,129.76,106.36,118.08,132.85,102.34,229.1,173.8,316.36,131.15,133.48,124.12,142.87,111.2,117.77,127.72,228.04,246.71,130.36,280.79,154.09,109.32,131.18,98.97,101.62,179.04,253.41,150.51,115.41,144.93,116.6,114.11,194.91,170.62,123.87,161.8,100.02,122.26,76.55
1988/3,142.62,127.33,134.52,127.19,177.88,123.95,265.85,201.8,145.29,156.86,156.13,112.61,151.25,130.42,108.46,117.15,135.06,101.1,236.05,179.47,315.12,133.29,133.39,121.98,143.89,114.55,118.58,129.27,228.17,247.34,131.45,282.83,155.55,110.04,132.37,97.06,105.17,183.74,256.05,151.54,118.65,144.95,113.92,112.05,201.07,174.68,126.43,165.12,98.25,124.45,81.13
1988/4,141.29,132.9,134.79,126.52,187.62,123.46,266.16,206.91,146.5,156.77,167.11,112.4,152.57,131.67,108.01,118.78,136.44,99.79,237.04,183.69,317.48,134.47,134.23,124.14,143.61,113.65,118.27,130.92,227.78,246.61,129.98,283.66,156.16,105.17,133.6,97.58,105.78,185.49,258.09,152.16,116.6,144.57,113.05,112.28,203.3,178.17,127.92,170.09,98.56,125.09,81.45
1989/1,141.45,129.41,133.65,127.46,196.4,123.54,261.68,210.19,147.64,157.83,179.13,115.73,155.6,132.8,110.11,117.78,137.96,100.52,238.49,188.33,314.87,136.53,134.66,119.69,143.57,111.71,119.47,131.15,228.22,246.04,130.61,283.42,156.71,109.06,135.2,98.24,108.09,187.74,260.14,154.5,120.72,145.52,113.31,113.3,206.9,181.48,132.32,179.73,99.24,127.36,77.13
1989/2,143.37,105.05,133.06,127.09,206.07,124.46,261.67,217.03,148.62,158.27,184.37,116.67,158.58,134.62,111.19,119.88,139.01,100.51,241.32,193.02,312.7,139.37,136.51,123.47,145.26,112.83,120.5,133.43,224.91,245.55,131.18,282.92,157.48,108.38,136.58,99.72,110.59,189.07,261.55,154.68,117.1,146.5,114.31,113.21,211.94,185.41,137.97,181.04,101.45,128.82,83.81
1989/3,145.48,104.8,135.17,128.36,217.96,126.99,262.32,222.18,151.11,160.32,197.12,118.54,162.15,137,113.29,119.52,141.85,102.34,243.83,196.57,317.43,142.66,138.52,125.88,146.07,115.48,121.75,136.76,228.74,246.75,133.25,285.85,160.26,110.79,139.46,101.22,113.93,193.24,267.34,158.18,121.93,147.09,116.53,115.54,215.68,188.01,144.55,182.94,101.41,130.97,83.5
1989/4,146.57,102.75,134.39,127.44,224.81,126.49,261.37,223.89,152.26,161.45,203.47,119.06,164.11,137.47,114.23,120.07,142.5,102.24,246,199.8,318.15,143.25,139.24,124.65,146.74,116.38,122.71,138.78,229.07,247.55,135.22,286.57,160.77,111.7,140.49,100.46,116.81,195.6,268.55,158.51,119.29,147.22,116.26,115.4,217.64,189.36,153.26,186.8,101.21,131.76,83.45
1990/1,145.44,99.33,134.19,128.23,227.6,127.14,257.51,227.08,152.96,160.91,218.52,121.09,165.93,138.33,115.79,119.94,143.02,101.72,242.81,202.2,314.09,145.39,139.31,126.39,146.87,115.36,123.64,141.4,224.37,244.49,132.3,286.59,161.1,111.39,142,100.16,120.92,195.88,265.57,160.13,120.09,147.68,116,116.43,215.71,189.3,164.33,192.14,101.83,133.8,87.97
1990/2,146.64,113.14,133.34,128.21,228.33,128.14,249.69,226.2,152.44,159.49,232,125.69,167.79,139.7,117.26,119.43,144.25,102.51,238.23,202.84,305.07,147.66,139.32,124.45,146.7,117.33,125.65,143.75,214.95,239.2,133.47,283.33,161.53,110.93,143.33,101.32,127.13,196.21,261.05,161.59,125.63,147.5,116.89,118,217.14,189.64,173.65,192,102.14,135.95,85.47
1990/3,147.27,122.81,134.51,129.03,230.25,129.1,247.1,224.45,153.36,160.56,242.9,128.66,169.73,141.02,118.84,119.61,145.32,103.06,234.38,203.83,299.89,148.6,140.1,125.79,146.88,122.23,126.9,147.39,210.15,235.94,134.7,281.7,162.97,112.5,145.33,101.06,131.88,196.71,261.48,162.83,126.06,147.21,117.71,118.96,214.62,189.01,176.51,187.42,105.11,137.8,91.17
1990/4,147.4,120.72,133.19,128.48,228.7,129.41,240.4,224.5,152.78,159.41,252.29,127.79,170.21,141.51,119.81,119.17,144.92,103.56,236.56,202.63,292.81,148.96,140.07,124.5,145.67,122.59,126.99,148.96,202.92,232.05,135.22,278.67,162.87,111.21,145.66,100.67,134.21,196,255.91,161.86,125.07,146.76,116.82,118.86,216.31,186.9,177.79,187.9,103.93,138.07,89.92
1991/1,148.65,124.96,135.21,129.8,228.62,130.89,239.96,227.92,154.53,161.18,258.06,131.14,172.25,143.69,121.4,119.66,147.39,103.01,229.73,204.03,289.82,150.74,142.07,127.18,147.34,120.59,128.17,152.23,200.25,230.95,136.21,278.33,163.84,113.27,147.32,102.46,136.51,197.63,256.69,163.76,128.01,148.08,118.26,122.52,213.21,188.02,182.02,190.04,104.33,140.03,90.03
1991/2,150.94,128.08,136.24,130.53,227.2,132.55,236.57,228.55,154.97,161.72,260.66,131.55,174.09,144.87,122.72,120.53,148.62,105.34,233.4,206.16,286.8,152.77,143.17,126.07,148.12,124.8,129.56,153.24,197.22,229.3,137.65,280.14,165.04,114.4,149.37,103.81,139.66,199.14,251.13,165.3,131.49,148.78,119.46,124.76,213.89,188.58,183.68,191.34,107.4,142.02,93.4
1991/3,151.72,132.05,135.67,131.69,227.19,133.71,233.88,228.6,154.76,161.29,260.77,134.3,175.31,145.95,123.83,120.73,149.4,106.3,229.23,205.57,283.48,153.97,143.53,126.34,148.52,126.88,130.69,153.95,193.01,227.97,138.48,279.3,165.39,114.65,150.38,104.11,142.09,199.27,248.25,166.31,130.23,149.11,119.59,124.84,213,187.16,184.44,189.47,106.13,144.16,94.7
1991/4,154.19,132.11,139.62,133.86,228.86,135.97,236.14,231.72,157.42,163.04,264.5,137.48,177.71,148.07,125.7,122.21,151.28,108.03,231.84,209.63,286.22,155.87,146.04,129.62,150.15,131.36,131.48,157.61,193.41,230.63,140.51,281.56,167.72,115.71,152.62,106.02,145.06,202.86,251.39,168.93,132.89,151.54,120.99,127.71,213.86,190.47,188.3,193.03,109.49,145.56,95.73
1992/1,155.45,133.9,140.3,134.98,227.66,137.89,237.13,231.88,159.31,164.11,263.88,138.99,178.9,149.37,126.09,122.93,152.32,109.31,233.31,210.38,285.3,157.13,146.77,131.28,150.95,133.26,133.23,158.81,193.49,232.47,144.08,286.78,168.79,118.08,154.29,106.65,148.09,203.92,249.96,169.81,136.48,152.85,122.97,129.6,213.86,191.59,189.18,195.92,109.66,147.26,96.73
1992/2,155.7,135.2,140,134.33,225.3,140.95,232.54,230.27,157.87,164.38,263.37,140.41,180.48,150.7,128.14,123.48,153.55,110.41,228.51,209.03,281.79,158.16,147.6,131.48,151.32,135.53,135.05,158.36,189.24,230.52,144.95,282.85,169.12,118.27,155.34,106.65,149.94,203.58,246.58,170.05,136.61,152.4,122.53,131.63,214.64,189.86,190.93,195.95,111.56,149.87,98.28
1992/3,158.62,135.9,140.95,136.7,224.86,144.02,233.34,231.4,160.53,167.65,265.1,143.61,182.21,153.01,129.83,124.95,155.59,111.82,229.41,211,283.42,159.34,149.29,132.47,152.41,139.34,137.11,161.15,188.28,232.34,145.76,285.98,171.2,119.62,157.47,108.3,153.58,205.5,246.72,172.58,140.54,155.76,124.61,133.82,216.54,192.24,193.51,195.28,112.79,151.72,99.98
1992/4,159.92,136.45,141.8,137.39,222.76,146.72,233.11,233.43,160.63,167.95,265.97,147.54,183.84,153.81,130.97,125.27,156.93,112.95,231,211.68,284.03,160.56,150.27,132.96,153.36,143.81,138.08,162.07,188.47,233.76,148.08,288,171.95,120.75,159,108.8,156.48,206.81,247.72,173.23,142.16,155.56,125.11,137.35,216.78,192.9,195.5,194.1,113.78,153.68,102.31
1993/1,161.01,136.26,141.92,138.63,219.31,149.42,229.51,232.16,160.87,168.3,265.37,148.75,184.97,154.86,132.16,126.11,157.77,113.79,227.78,211.11,282.12,161.18,151.57,133.45,153.47,146.42,139.31,162,186.72,233.66,150.05,282.71,172.4,121.54,159.76,109.21,158.64,206.5,246.25,173.48,143.71,156.27,125.5,140.31,215.92,192.35,196.37,192.9,114.64,154.9,102.81
1993/2,162.77,136.83,143.64,140.86,217.42,153.07,230.12,233.03,162.57,170.17,266.66,153.6,186.67,156.41,134.08,127.02,159.59,115.82,230.74,211.8,283.87,162.42,153.04,135.62,154.43,150.48,141.05,163.46,188.91,235.27,153.61,289.36,173.9,124.3,161.59,111.11,161.8,207.93,246.51,175.19,147.39,158.45,126.63,144.75,217.22,193.47,198.5,193.53,116.34,157.1,105.91
1993/3,165.66,139.28,144.79,143.4,215.58,157.4,230.11,232.57,163.89,171.34,265.63,157.75,188.61,158.3,136.78,128.8,160.82,117.85,228.87,212.46,284.88,163.86,154.97,137.36,155.53,153.14,143.26,164.68,189.22,235.83,156.61,288.44,175.75,126.63,163.53,112.52,165.57,208.69,245.83,177.26,150.11,160.49,128.08,149.97,217.63,193.84,201.19,194.18,119,159.33,108.66
1993/4,167.12,140.06,146.71,145.15,214.3,161.34,230.72,233.32,165.5,172.64,267.06,160.79,190.27,159.79,138.33,130.02,162.75,119.45,231.04,213.31,286.62,165.25,156.61,138.38,156.87,158.23,145.48,165.54,189.78,237.31,159.42,289.56,177.17,127.31,165.5,114.28,169.04,210.56,248.18,178.07,152.24,162.14,129.31,155.53,218.67,194.9,203.46,194.77,119.35,161.41,111.25
1994/1,168.21,141.14,148.73,147.97,212.18,166.01,228.76,232.4,165.31,173.19,267.82,161.79,192.89,161.52,140.9,132.13,165.43,121.55,230.96,213.73,286.8,167.11,157.57,140.55,158.54,160.49,147.34,165.76,190.26,237.97,164.19,286.26,178.78,129.11,167.38,114.84,173.34,210.49,246.81,179.02,156.04,163.91,129.94,161.82,219.6,195.14,205.99,196.06,121.66,165.65,113.83
1994/2,170.23,144.4,150.81,149.2,207.05,173.68,223.62,229.73,164.19,174.22,264.56,167.56,195.62,163.92,144.55,136.13,169.77,124.3,225.15,211.69,283.91,169.91,160.38,142.65,161.47,167.46,152.2,166.49,186.98,235.88,169.65,282.42,181.59,132.68,170.16,117.02,179.42,209.33,240.49,180.29,158.23,166.13,130.13,170.79,217.2,194.92,209.86,188.44,123.32,171.73,116.72
1994/3,170.94,146.37,152.8,151.02,203.99,177.98,220.71,227.42,164.47,174.88,265.9,169.7,197.35,165.82,147.26,137.76,171.22,125.5,223.64,209.71,283.69,173.25,161.69,144.01,163.99,171.63,155.71,167.12,184.27,233.58,173.17,280.92,184.01,134.33,171.15,117.08,183.86,207.67,236.04,181.09,159.58,168.68,130.23,176.54,217.34,194.6,211.14,189,124.81,175.49,120.29
1994/4,171.09,145.31,154.48,152.12,201.09,179.45,217.95,226.34,164.42,175.58,259.33,170.44,197.67,166.03,147.36,138.94,173.09,125.39,220.09,207.89,281.31,175.4,162.2,146.47,164.26,172.54,155.8,166.78,183.61,230.88,175.67,275.75,186.26,134.61,172.65,117.21,186.96,206.04,233.45,181.56,162.71,169.84,129.56,179.66,217.85,194.34,210.58,181.72,124.78,175.73,121.95
1995/1,172.69,147.64,156.43,152.9,199.76,182.76,216.7,227.02,164.96,176.52,258.16,171.47,199.66,168.11,149.08,140.29,175.08,126.9,222.15,207.93,283.04,178.55,163.78,146.49,166.38,174.44,157.69,168.1,184.45,230.73,177.07,274.4,187.74,137.1,173.59,117.93,191.12,205.44,235.3,183.19,160.5,172.35,129.52,184.32,215.07,193.8,212.69,184.8,126.21,177.94,123.73
1995/2,176.1,150.17,159.3,157.08,201.67,186.36,219.52,228.02,167.23,179.86,261.67,175.63,202.51,171.05,152.31,143.09,177.89,129.49,225.61,210.74,288.34,182.03,166.84,149.61,168.26,178.3,160.61,171.83,186.86,233.3,181.48,279.1,190.42,138.37,176.9,120.04,195.78,208.82,237.92,185.45,166.17,175.65,131.75,189.48,220.11,196.25,215.08,183.76,128.76,181.84,126.45
1995/3,178.9,151.69,162.35,159.07,204.01,190.1,224.84,231.79,170.38,182.27,262.14,178.8,204.96,174.04,154.42,144.45,180.4,131.48,229.89,213.11,293.06,185.33,169.88,151.94,170.62,182.34,162.91,174.28,190.75,237.27,184.84,283.8,193.59,139.93,179.98,122.01,200.71,212.47,242.08,187.84,167.26,178.22,133.37,195.94,220.67,198.52,218.28,188.61,131.02,184.34,127.9
1995/4,180.27,152.13,164.41,159.82,203.67,192.95,225.07,231.6,171.73,185.08,263.18,180.84,206.84,176.03,155.92,146.6,182.12,132.84,229.79,214.72,294.64,188.44,171.99,153.67,172.08,183.2,164.01,175.54,193.34,237.89,186.27,282.91,195.48,141.03,182.19,122.6,203.98,213.65,244.21,190.06,170.33,180.83,134.2,199.97,221.81,199.32,220.01,191.74,131.41,186.6,130.79
1996/1,183.44,154.59,167,162.17,203.64,195.35,228.03,234.41,173.56,187.27,257.76,182.96,209.05,178.2,158.03,147.07,184.32,134.75,235.04,217.3,298.29,191.13,174.35,154.6,173.65,186.2,165.93,177.56,194.21,240.94,187.49,287.65,197.82,144.37,184.82,124.12,208,216.33,246.74,192.87,173.12,183.69,135.56,204.63,225.5,201.44,222.01,194.32,133.37,188.09,132.28
1996/2,183.4,157.07,167.37,162.43,201.06,197.86,225.14,231.91,172.52,188.17,252.19,181.42,209.75,179.9,159.38,149.81,185.94,136.43,232.19,214.89,298.75,196.44,175.55,155.35,176.03,187.95,169.48,176.87,193.68,239.08,187.12,285.92,199.51,143.11,186.56,124.94,211.06,213.86,241.82,193.68,172.52,185.4,135.3,206.96,222.12,200.89,222.24,190.23,133.84,189.89,133.22
1996/3,183.79,157.61,168.9,162.21,200.69,200.07,221.93,232.96,173.03,189.84,243.37,182.11,210.7,181.27,160.82,151.5,187.87,137.22,231.73,213.14,300.04,200.95,177.26,158.28,177.29,190.18,171.95,176.63,196.07,238.6,186.67,283.93,201.92,145.4,187.89,125.78,214.46,213.08,238.26,195.19,174.98,187.53,135.62,210.51,221.01,200.03,223.48,187.94,134.36,192.08,134.46
1996/4,185.94,159.61,170.32,163.95,201.73,202.79,223.28,234.95,173.98,191.39,240.14,183.66,212.77,183.53,161.85,152.88,189.7,139.24,235.4,215.69,303.89,203.62,179.24,159.36,179.32,191.1,172.9,178.64,197.08,238.48,187.75,283.7,203.52,145.46,189.79,126.52,217.99,214.49,239.9,197.95,174.05,189.14,136.1,214.3,221.08,201.69,225.33,189.22,134.54,194.28,134.54
1997/1,188.01,159.43,172.19,165.42,202.69,204.94,224.59,234.83,175.96,193.52,237.38,185.36,214.16,184.92,163.43,153.36,192.68,140.65,234.04,216.47,306.62,207.11,181.43,159.86,181.01,191.57,174.42,179.69,198.51,240.36,189.27,283.71,206.08,145.9,192.27,127.36,221.57,215.83,241.53,199.31,176.8,191.61,136.76,217.9,225.59,203.05,226.9,189.57,135.43,196.48,135.4
1997/2,189.31,160.72,173.08,167,204.72,207.62,225.66,235.21,175.89,195.75,230.92,185.7,215.7,186.83,165.24,155.72,193.74,141.6,236.37,215.41,311.18,211.59,183.35,160.92,182.66,192.53,177.84,179.87,201.19,241.14,190.17,287.15,208.65,146.41,193.78,128.02,224.15,215.7,239.8,201.79,179.6,193.27,137.76,219.09,222.52,203.35,229.84,190.95,137.93,198.17,137.02
1997/3,192.17,161.99,176.09,167.9,208.77,210.91,228.23,237.29,178.23,199,231.11,188.65,217.89,189.54,167.71,157.49,196,143.58,239.58,217.26,315.67,215.27,186.72,163.37,184.9,194.93,180.05,182.57,203.57,243.93,191.12,289.64,211.52,148.81,196.49,129.69,228.78,217.83,244.78,205.12,181.5,195.73,139.03,223.42,225.38,205.58,234.54,189.46,138.48,200.85,138.18
1997/4,194.73,164.14,178.81,170.12,212.42,214.2,230.49,238.96,181.29,201.88,229.95,190.92,219.91,191.94,169.14,159.38,198.42,145.89,243.19,219.78,320.51,218.32,189.37,165.77,186.74,198.41,182.44,183.76,206.69,246.32,193.12,292.58,214.57,151.16,198.9,131.61,231.62,220.07,247.68,207.86,184.05,198.42,140.69,227.3,225.29,207.59,237.7,189.39,140.39,202.86,140.32
1998/1,197.92,163.88,181.3,171.96,217.06,217.22,236.02,242.96,184.79,205.45,231.92,193.04,221.8,193.73,171.34,161.25,200.21,147.89,246.71,222.54,324.84,220.78,192.53,167.78,188.45,199.9,184.05,186.17,209.63,250.77,194.42,299.07,217.3,153.55,201.25,133.3,235.1,223.59,251.81,210.98,186.81,201.96,142.98,229.96,229,209.28,242.3,197.07,143.31,204.17,142.21
1998/2,199.45,166.62,182.84,171.89,221.81,219.83,236.12,243.68,184.62,207.3,231.36,193.76,222.71,195.43,173.51,162.87,202.55,149.23,248.53,222.31,331.66,224.99,193.91,170.43,190.29,199.62,185.23,186.34,213.72,251.73,194.12,301.35,218.8,154.78,203.14,134.39,236.41,224.06,250.59,213.11,187.69,203.44,144,232.18,229.1,210.22,245.84,198.09,143.47,206.54,142.12
1998/3,201.62,168.12,185.3,174.7,227.67,223.86,239.58,244.84,186.97,211.11,232.48,194.83,224.82,197.65,175.39,165.65,205.04,151.72,251.48,223.6,339.95,228.72,197.92,171.95,192.49,201.3,187.99,187.14,217.6,254.32,195.76,303.68,222,156.79,205.62,135.81,238.82,224.89,253.05,216.19,189.07,205.94,146.29,234.37,229.38,211.81,250.45,199.7,145.45,208.96,142.96
1998/4,204.11,167.9,187.47,176.66,232.06,226.59,242.71,246.21,189.7,214.25,231.58,196.21,226.52,199.37,177.58,167.4,207.7,153.15,255.21,225.82,344.94,230.85,200.22,173.73,194.16,203.48,190.2,188.44,221.35,256.22,197.84,307.76,224.13,157.55,207.86,138.05,241.01,227.9,255.94,219.1,188.93,208.3,147.89,236.64,232.76,213.88,253.28,205.7,146.79,209.7,143.26
1999/1,204.8,169.9,189.33,177.42,235.56,230.99,245.96,250.19,190.82,217.15,230.46,198.07,228.55,201.26,179.17,169.24,209.55,154.54,257.74,228.29,351.91,234.53,203.51,176.05,196.65,203.43,191.6,188.87,224.62,259.37,198.04,310.08,226.06,157.71,210.03,138.69,242.17,229.46,257.96,222.21,191.88,210.22,149.26,237.92,235.13,216.31,255.69,207.71,147.76,213.43,144.1
1999/2,205.62,173.54,191.78,177.64,239.58,238.11,248.99,252,192.28,220.42,229.07,198.96,231.27,202.3,181.84,172.54,211.94,156.14,263.3,229.18,363.42,239.62,209.61,178.43,199.7,205.56,195.17,188.6,231.19,263,197.8,315.88,228.43,158.28,211.86,140.08,243.62,230.14,260.3,225.25,194.29,210.78,152.15,236.93,236.85,219.06,260.13,212.04,147.37,216.85,146.31
1999/3,206.01,173.13,194.41,178.34,245.08,245.94,253.7,256.06,194.59,224.32,224.93,197.32,234.65,203.43,182.93,174.41,213.75,157.27,269.1,231.22,378.45,244.43,216.21,179.23,201.97,207.98,195.99,189.95,238.45,269.51,197.37,324.79,229.77,158.76,212.52,142.07,244.34,231.14,265.91,227.55,195.27,212.05,154.66,234.29,242.01,222.82,263.1,218.29,148.03,219.73,147.68
1999/4,207.54,173.24,196.27,178.98,250.29,250.18,256.86,257.42,196.97,226.92,225.05,196.93,236.99,204.45,184.12,175.52,215.52,157.67,271.49,233.77,387.36,247.46,219.09,179,204,207.53,197.29,190.07,242.96,272.36,198.23,330.97,230.85,157.35,213.9,142.17,245.22,232.19,270.47,229.49,196.4,212.85,156.49,235.28,244.47,225.77,265.18,224.69,146.79,221.05,148.17
2000/1,208.32,173.01,200.71,179.88,261.18,259.63,261.69,261.52,200.84,229.94,231.31,199.84,241.69,206.03,186.04,179.07,218.76,160.08,277.18,238.25,403.87,253.1,225.31,180.87,207.93,210.33,198.46,191.77,252.34,279.5,198.73,335.7,232.88,159.13,216.12,143.61,247.71,234.51,279.1,231.89,197.43,214.73,158.81,236.41,250.43,229.63,269.83,234.58,148.08,227.8,150.2
2000/2,210.09,175.2,202.98,181.6,268.19,265.96,268.73,266.1,204.42,233.66,231.02,199.79,245.83,207.77,188.53,180.4,220.73,160.69,284.93,240.81,416.77,256.65,231.99,182.19,210.43,212.01,201.32,194.2,261.06,286.2,199.43,345.83,235.84,160.32,218.75,145.32,249.42,237.96,287.6,234.72,201.26,215.93,161.49,236.36,254.43,234.36,272.59,242.89,149.16,228.98,151.74
2000/3,211.74,176.35,205.67,182.7,277.19,272.98,274.56,271.27,208.71,237.48,234,201.43,249.87,210.6,191.02,182.99,222.58,162.59,291.29,245.25,432.05,261.2,237.75,184.95,213.84,215.33,203.12,195.97,270.72,294.64,200.66,355.9,238.86,161.89,221.39,147.67,251.77,240.45,296.68,237.52,204.73,218.1,163.87,238.88,259.6,238.53,276.27,250.69,150.53,232.35,153.24
2000/4,214.42,176.8,208.79,185.13,285.76,279.07,278.36,274.76,213.1,241.33,239.64,203.59,252.72,212.49,192.44,184.82,225.44,163.97,297.16,249.06,442.49,264.95,242.38,186.27,216.47,218.31,204.61,198.84,278.17,299.07,201.81,361.37,241.47,163.24,224.28,148.58,254.46,243.29,302.21,240.75,204.95,220.06,165.78,242.25,264.49,242.57,279.79,255.54,151.8,235.18,156.62
2001/1,220.69,179.96,213.46,189.74,296.79,286.92,285.2,280.68,219.23,248.13,247.36,208.9,256.03,216.99,196.53,188.46,229.79,168.23,305.61,254.79,454.39,269.1,248.76,191.01,220.1,222.59,207.26,203.25,284.44,305.86,206.63,369.53,246.72,167.43,228.53,152.06,261.39,249.56,308.27,247.03,209.31,225.53,170.47,247.65,268.86,248.68,286.61,266.13,156.14,238.75,157.7
2001/2,221.59,183.7,216.74,190.84,305.88,292.75,291.28,285.39,224.77,251.17,251.11,211.23,260.47,218.78,198.64,190.69,231.89,169.94,311.43,259.78,468.18,272.6,255.47,192.22,223.4,225.27,209.53,205.84,294.13,314.56,208.23,377.7,248.9,168.55,230.9,153.58,263.86,253.57,318.77,249.8,212.41,226.7,172.71,248.2,274.2,254.46,290.48,278.39,157.59,241.99,160.72
2001/3,223.22,186.35,219.88,192.87,312.31,298.15,298.47,291,229.92,254.39,255.42,212.38,265.3,220.29,200,192.84,233.78,171.52,320.72,266.65,483.83,276.21,263.21,194.07,226.67,227.42,211.32,209.68,304.48,323.68,209.52,388.09,250.86,169.9,233.07,155.23,266.24,256.97,331.1,251.68,214.28,228.09,174.01,248.41,280.84,260.15,293.42,289.8,158.39,245.19,163.15
2001/4,225.73,186.62,222.02,194.79,316.7,300.58,303.68,295.05,235.47,257.69,259.29,214.75,267.77,222.29,202.46,194.55,235.65,173.15,325.7,270.96,493.69,278.49,266.72,195.75,228.93,228.98,213.04,212.34,309.85,330.08,210.96,394.93,253.16,171.27,234.99,156.95,268.52,260.21,338.13,254.57,215.19,230.81,175.96,251.02,284.19,263.72,295.39,298.73,159.94,247.04,165.2
2002/1,226.13,189.59,225.03,195.53,325.16,304.1,310.2,300.08,240.17,259.9,263.38,215.23,272.39,223.94,204.23,197.14,237.49,174.12,332.91,277.73,508.07,281.94,272.27,196.42,232.64,233.96,214.73,215.4,318.36,339.63,212.13,404.59,254.69,173.26,236.96,157.77,271.96,264.23,351.14,256.08,218.19,231.88,176.47,250.59,290,268.91,299,308.2,160.74,251.1,168.38
2002/2,227.34,194.99,228.01,196.38,336.2,307.44,319.08,307.9,247.48,261.86,269.19,216.25,277.23,224.59,205.22,199.04,239.12,175.52,343.36,286.86,526.72,285.07,279.54,195.79,235.73,236.04,216.1,218.92,329.62,352.28,215.07,417.43,255.8,174.79,238.59,159.34,273.84,268.87,368.48,257.54,221.13,232.28,177.97,250.09,296.63,276.49,302.63,319.34,162.61,254.58,170.72
2002/3,230.66,196.3,231.91,199.61,348.85,311.81,327.75,315.7,254.48,266.16,277.53,219.56,280.79,227.03,207.8,201.01,241.67,178.57,353.1,295.78,542.17,287.69,285.61,199.37,238.65,240.54,218.14,223.68,339.85,364.02,218.31,430.09,259.32,178.72,240.96,161.53,278.54,274.39,382.44,261.58,223.76,235.69,180.72,253.25,301.76,283.54,306.31,334.16,163.96,257.24,173.75
2002/4,233.36,195.84,234.57,202.05,359.05,313.73,334.63,320.82,260.23,269.22,281.14,221.81,283.98,228.07,209.56,202.59,243.93,181.22,359.55,301.82,554.43,289.53,290,201.31,241.55,242.94,219.58,226.2,347.5,372.45,220.28,439.34,261.07,180.56,242.53,163.45,280.78,279.16,394.5,263.83,225.13,237.77,182.62,254.57,304.45,287.45,308.92,344.1,166.35,259.11,175.54
2003/1,235.74,197.14,237.38,203.58,367.34,314.62,338.87,325.49,265.79,271.3,289.15,223.83,286.96,229.89,210.89,204.16,245.95,183.19,366.24,307.6,565.39,291.73,294,202.57,243.65,245.45,220.75,230.27,352.9,379.31,222.98,449.17,263.22,181.75,244.31,164.45,283.71,282.35,406.12,265.29,227.11,239.36,183.49,255.24,307.83,291.79,311.46,351.81,166.84,261.79,177.58
2003/2,237.83,200.24,239.83,204.89,374.23,315.98,344.46,332.42,272.22,273.12,296.14,225.72,289.87,231.04,212.49,205.58,247.88,185.06,371.49,314.25,574.53,293.99,297.43,204.18,245.37,250.51,222,234.82,358.38,385.97,225.52,460.08,264.97,184.55,246.07,166.56,286.34,286.02,415.8,267.98,228.33,241.4,184.67,256.16,312.91,296.55,314.13,358.63,168.48,264.12,181.54
2003/3,239.46,204.77,243.54,207.41,386.91,317.38,352.65,340.05,278.75,274.81,304.6,227.57,293.97,232.65,215.12,207.09,249.99,186.76,382.27,323.81,585.34,296.6,304.37,205.26,248.42,256.17,224.4,241.56,367.69,397.71,228.22,467.14,266.3,187.18,248.1,167.71,290.37,291.95,433.12,269.58,232.47,242.97,185.27,256.89,321.15,303.64,318.02,370.01,170.79,268.11,184.02
2003/4,241.04,212.82,251.77,210.46,411.67,321.08,365.54,352.96,291.74,278.37,321.86,230.71,303.16,234.7,218.51,210.36,253.59,189.9,396.6,341.35,610.39,300.93,315.35,206.79,254.08,262.94,228.03,256.03,382.15,417.9,233.19,489.12,268.7,190.71,251.49,169.32,297.74,300.61,461.36,272.11,237.41,245.57,186.39,257.07,337.7,315.98,326.1,389.35,172.28,276.92,187.5
2004/1,243.25,214.17,256.14,213.09,424.93,323.44,371.93,364.11,300.6,282.2,336.94,233.42,306.42,236.01,220.12,212.37,256.67,192.02,405.49,350.84,620.66,302.94,319.13,208.88,257.11,267.37,229.18,269.54,387.83,426.52,235.72,499.35,271.72,192.96,253.05,171.32,301.52,305.85,472.35,275.27,238.01,247.62,187.3,259.58,342.28,324.02,331.05,404.85,175.22,279.06,191.25
2004/2,244.81,219.33,265.25,216.65,451.52,325.93,384.02,372.11,314.73,284.11,356.24,239.41,313.43,236.82,222.47,214.58,258.92,194.98,417.29,367.3,635.26,305.04,325.41,211.06,260.41,273.92,232.45,294,398.18,439.97,241.04,514.16,274.27,195.87,254.58,172.86,310.52,313.88,493.86,277.63,242.32,250.38,189.19,262,352.25,336.52,340.96,424.81,178.52,284.73,196.32
2004/3,249.31,230.61,280.85,220.3,497.43,330.51,403.53,394.42,334.43,287.99,390.42,247.62,323.77,239.48,225.62,216.78,262.05,198.24,437.17,394.3,665.88,309.22,336.4,213.91,266.49,283.51,237.12,331.59,415.84,469.56,247.08,539.17,277.11,202.03,257.51,174.14,324.31,326.9,528.62,282.97,247.22,253.96,190.75,265.34,374.9,357.98,355.17,454.39,181.74,295.24,203.62
2004/4,253.05,233.02,292.34,224.12,516.53,333.72,411.28,406.54,349.69,292.58,404.42,254.17,328.4,242.09,228.12,219.44,266.99,200.95,446.29,407.82,677.02,312.66,341.27,216.83,270.09,290.1,239.03,344.16,423.97,481.46,252.09,552.86,281.88,206.13,260.18,177.03,331.84,334.16,542.07,288.11,250.54,257.03,192.94,270.49,382.58,370.38,363.38,478.73,185.19,298.69,207.47
2005/1,256.42,238.91,310.01,227.35,539.06,337.2,421.74,418.01,368.41,296.4,423.76,260.19,335.14,243.72,230.69,221.6,268.8,203.14,459.38,425.99,691.57,315.27,347.93,218.11,274.63,297.33,240.71,358.03,435.18,495.84,257.31,567.44,286.33,207.29,262.51,178.28,341.85,341.2,553.17,293.16,254.11,260.66,193.91,275.51,394.38,385.15,375.1,500.43,189.07,304.16,211.93
2005/2,262.46,247.86,341.95,232.55,570.63,342.21,435.98,435.65,395.85,300.29,448.58,272.03,342.99,245.88,233.46,224.71,272.56,207.37,469.56,451.78,707.97,317.05,355.05,222.44,278.71,309.37,244.14,376.88,445.51,517.42,268.64,586.42,290.15,213.74,264.61,181.24,360.1,352.83,575.93,298.25,260.15,266.31,197.03,284.22,407.48,407.02,395.01,529.87,195.15,309.59,218.41
2005/3,267.95,256.71,371.02,237.68,599.06,347.53,447.97,455.07,423.32,305.3,476.72,288.21,350.18,249.54,237.2,227.39,277.04,211.35,481.69,475.21,719.17,319.65,361.53,227.03,283.66,318.35,247.67,390.22,456.2,537.19,278.93,605.6,296.74,218.64,267.14,184.66,380.13,364.41,588.76,305.79,264.11,271.67,200.21,294.74,422.03,426.56,412.55,561.22,201.85,315.6,226.6
2005/4,273.43,264.46,396.8,240.88,625.78,350.89,457.05,464.73,445.68,309.31,503.21,301.29,356.52,250.08,238.99,228.54,278.46,218.45,489.4,494.35,724.21,318.88,365.58,232.1,286.86,328.86,246.9,404.7,461.5,553.54,287.19,619.26,303.05,221.48,267.47,186.84,396.69,371.93,597.67,312.51,268.33,276.05,202.55,304.5,430.79,438.43,429.82,589.46,204.63,318.62,232.74
2006/1,278.9,268.78,411.6,244.52,638.73,351.92,463.01,474.14,463.03,312.52,521.79,312.03,361.22,250.12,239.01,229.62,281.13,225.02,493.83,507.94,724.79,317.55,367.39,235.96,289.59,335.6,246.91,413.88,464.93,564.14,295.65,630.29,308,222.41,267.52,188.18,411,378.68,603.29,316.91,268.29,280.58,204.94,314.86,436.67,448.35,445.15,598.52,208.73,321.07,239.24
2006/2,283.52,275.31,420.36,247.83,644.57,353.84,465.28,483.19,472.9,314.39,526.28,323.82,364.03,249.65,240.47,231.63,282.01,230.95,491,518.36,715.92,312.35,365.41,242.84,290,346.06,249.49,414.52,462.31,570.64,306.46,632.1,312.23,228.94,266.44,190.53,427.73,382.83,603.34,322.15,272.54,285.98,208.17,328.16,446.77,456.73,460.61,606.53,206.75,320.72,246.91
2006/3,288.13,280.54,423.96,250.53,646.73,355.4,465.84,487.81,476.36,316.91,536.17,332.68,366.79,251.06,241.89,233.59,283.18,235.75,494.28,525.35,710.57,309.96,365.7,247.57,292.72,354.81,250.51,415.88,460.42,574.08,313.99,631.51,317.49,231.73,265.83,191.96,438.89,387.19,601.65,326.92,277.2,289.61,211.25,342.63,448.26,459.56,474.18,612.45,209.47,322.21,254.96
2006/4,293.58,282.2,427.65,252.69,642.94,358.71,468.4,496.78,479.68,322.83,534.22,340.99,370.86,253.63,243.82,235.84,286.24,239.55,501.7,532.19,712.52,311.55,369.73,252.05,296.15,361.45,250.73,414.8,463.5,576.96,321.25,639.6,323.31,231.95,266.87,194.74,447.16,391.78,601.22,335.11,278.09,294.96,214.15,355.65,455.32,466.06,484.35,622.55,212,326.15,261.66
2007/1,295.64,286.12,425.9,255.04,634.19,359.66,471.48,497.09,476.67,325.48,541.38,345.85,373.11,254.42,244.7,237.22,288.78,242.15,505.06,533.88,707.11,309.06,371.64,255.87,297.59,368.16,251.68,412.16,462.12,577.73,326.26,642.77,328.43,236.98,266.99,197.21,452.28,395.24,601.25,337.1,281.04,297.8,216.95,366.57,458.6,468.08,493.07,628.27,213.33,327.51,267.74
2007/2,299.71,288.95,422.13,256.49,623.52,360.58,467.85,500.74,470.43,326.51,542.33,346.66,371.91,255.25,246.81,239.79,289.55,244.57,501.72,534.91,696.92,303.4,367.68,255.89,298,373.32,253.5,403.32,459.01,574.13,328.68,640.65,331.58,239.75,265.4,198.05,457.44,396.9,589.97,339.57,283.87,301.45,220.59,375.49,458.07,469.28,498.62,627.56,212.94,326.92,274.84
2007/3,300.34,287.93,412.84,256.15,600.23,358.29,464.03,495.7,453.64,324.48,539.67,347.23,368.9,254.18,246.71,239.13,289.07,245.74,498.63,527.15,683.37,293.79,359.91,255.9,296.35,376.84,252.43,389.88,451.62,567.16,329.52,631.45,332.9,241.49,262.47,200.71,455.14,395.09,578.86,339.18,285.91,301.75,221.3,380.16,459.1,463.39,499.89,629.15,213.34,325.24,278.38
2007/4,302.7,287.27,405.79,257.38,575.84,359.14,463.31,496.32,442.2,326.65,537.48,347.31,370.11,254.66,248.07,239.25,292.15,246.71,504.55,524.24,683.43,292.64,358.59,259.25,297.62,379.44,251.98,379.65,451.09,564.68,330.84,633.34,335.41,242.12,262.42,202.45,456.68,396.78,576.26,343.74,288.14,303.86,222.95,383.05,456.98,462.14,502.69,621.85,215.07,326.94,279.91
2008/1,304.61,287.16,392.43,257.15,543.62,361.04,462.8,493.02,424.5,327,532.33,348.73,368.54,256.6,249.46,240.94,293.5,247.31,506.87,516.21,679.98,291.83,360.16,259.61,298,383.13,253.92,358.72,451.37,560.99,331.98,636.78,338.22,246.34,263.63,203.52,454.12,399.58,570.02,346.1,291.32,305.1,224.27,382.16,463.76,459.81,501.29,609.53,215.42,327.72,281.46
2008/2,303.4,287.58,369.73,256.33,498.78,358.87,451.94,486.21,395.3,321.96,521.34,340.75,361.07,254.67,248.15,239.45,293.37,246.95,498.92,498.4,658.37,279.9,349.18,257.52,293.96,381.04,251.94,330.11,439.76,544.94,327.7,624.71,337.62,247.36,259.63,204.63,445.97,394.59,547.39,344.23,291.75,303.98,224.9,375.97,457.44,446.78,491.46,593.78,214.88,322.82,282.22
2008/3,301.09,283.98,342.74,253.36,461.03,351.92,437.99,475.08,363.2,313.19,506.05,330.95,348.95,250.77,246.15,236.53,288.89,243.87,487.28,478.17,642.06,268.59,338.69,252.82,289.11,375.04,249.69,296.93,424.53,529.33,319.93,608.44,333.6,247.44,253.19,202.98,431.44,387.83,522.31,338.12,291.42,299.4,224.14,364.57,454.66,434.42,476.87,579.8,211.33,317.11,280.33
2008/4,302.69,286.68,330.66,254.64,445.14,352.86,434.32,469.56,344.75,311.87,496.94,331.1,347.83,250.37,247.3,236.97,290.69,244.61,484.05,470.95,642.86,265.8,337.6,255.27,289.79,378.6,250.98,281.31,422.9,523.84,319.26,602.79,333.37,249.52,253.72,203.13,425.14,387.31,516.28,339.11,293.5,300.7,224.54,363.74,453.71,430.88,471.79,573.42,209.42,317.77,280.16
2009/1,304.85,287.25,329.58,256.86,441.1,359.33,437.82,472.09,350.63,318.62,493.88,332.01,346.37,254.22,249.67,239.78,293.19,247.88,488.4,466.36,643.18,271.33,343.57,256.18,292.13,380.27,252.99,279.49,424.31,522.37,321.91,609.96,337.16,251.19,258.31,206.46,422.6,391.2,519.44,343.23,296.07,303.31,227.17,360.83,454.24,432.53,468.1,575.72,212.83,319.28,280.26
2009/2,301.55,284.48,305.95,253.64,420.96,353.51,423.5,457.97,332.47,308.88,473.18,320.82,336.47,250.19,248.1,238.08,290.34,246.07,477.49,448.21,627.32,260.78,333.6,253.63,287.41,375.35,251.84,259.56,412.13,505.49,313.22,596.82,331.43,250.96,252.46,204.69,406.38,385.37,496.1,338.89,294.91,300.24,225.64,347.13,447.81,421.7,448.16,558.42,210.19,314.48,279.83
2009/3,294.36,283.26,290.21,249.56,411.7,345.11,412.86,446.97,313.35,296.2,459.7,306.9,325.85,245.78,246.66,236.36,286.95,242.64,466.61,437.05,616.53,248.94,320.16,248.87,280.69,366.32,249.42,241.68,398.94,492.66,307.07,582.55,323.68,250.68,247.42,203.44,392.23,378.04,483.59,328.8,291.51,293.28,223.44,332.32,445.18,412.25,433.18,553.31,206.33,307.48,273.06
2009/4,293.44,284.79,281.63,248.45,413.03,344.17,411.48,443.19,305.53,291.9,453.11,301.73,322.66,245.76,246.03,235.86,286.87,242.99,461.49,429.43,617.64,244.67,315.85,247.34,279.43,363.78,249.15,234.24,396.6,488.99,304.35,577.43,319.92,252.69,247.02,204.02,385.1,376.76,483.79,324.98,290.35,290.46,222.85,328.47,441.38,409.11,427.44,560.71,205.25,306.58,270.77
2010/1,289.29,280.46,273.63,245.17,409.99,340.36,406.64,440.07,299.68,286.36,452.77,291.94,317.4,242.35,244.15,234.11,284.96,240.87,458.4,426.17,613.93,239.86,311.07,244.74,277.32,357.03,246.92,225.4,392.83,486.23,303.76,573.62,314.5,252.77,244.24,202.47,378.25,374.25,476,320.8,288.55,287.64,221.46,323.44,441.01,403.66,419.98,554.98,205.06,302.65,266.5
2010/2,284.97,282.95,264.18,245.87,408.81,336.41,402.14,435.48,291.39,280.24,449.69,287.2,313.7,242.64,244.98,233.64,283.72,239.58,452.81,420.89,612.16,236.06,308.27,241.41,275.44,353.08,248.66,217.5,390.21,482.59,298.44,570.09,312,252.58,242.4,202.29,372.71,372.29,469.12,315.71,288.21,286.35,221.6,318.81,439.61,401.03,415.21,557.04,204.88,300.93,267.58
2010/3,288.75,284.44,263.67,246.77,411.01,340.65,406.71,435.29,294.82,283.02,452.44,285.98,316.97,245.79,247.28,236.26,287.76,242.59,458.31,426.33,615.76,240.16,315.19,244.28,278.36,357.86,250.93,218.88,394.54,485.83,300.28,578.16,314.06,254.81,245.67,204.28,372.92,376.73,476.49,320.3,292.69,290.4,222.99,321.52,440.71,405.13,415.06,565.89,206.02,304.09,267.36
2010/4,286.38,285.27,257.08,245.58,406.49,339.12,407.37,431.78,289.45,279.14,452.71,279.06,314.82,245.27,247.24,236.15,287.36,242.05,459.13,422.21,615.49,239.56,311.08,242.53,276.59,356.66,249.6,212.8,392.28,484.83,297.33,577.91,312.28,257.62,244.62,203.63,367.28,375.8,475.59,317.68,292.91,288.32,222.03,319.83,442.15,402.87,407.75,565.21,207.59,302.15,267.63
2011/1,278.88,285.12,242.66,241.57,392.03,330.67,396.83,421.03,275.7,268.9,443.31,264.1,304.08,239.9,244.95,232.34,283.22,238.47,451.47,409.53,606.57,229.79,298.18,237.43,269.57,345.74,247.4,201.34,383.41,473.37,289.61,569.2,305.31,259,237.18,199.44,351.99,369.98,463.77,309.31,291.18,281.47,218.78,305.6,439.03,393.45,394.04,557.62,202.91,295.5,263.92
2011/2,275.09,284.71,230.8,240.13,385.75,324.83,389.63,409.19,267.36,257.44,443.77,254.49,297.89,237.81,243.44,228.74,280.43,237.46,444.09,401.46,599.71,226,291.37,237.35,265.39,344.62,246.53,187.82,376.73,463.88,284.18,561.11,299.16,262.51,233.62,199.47,341.72,364.91,448.34,301.86,288.77,277.86,217.7,299.08,433.97,388.67,384.06,565.78,200.18,290.57,261.1
2011/3,277.41,285.29,232.75,242.15,387.31,328.13,390.74,405.27,270.21,258.95,446.87,259.2,300.07,240.64,245.79,231.44,282.7,237.72,447.73,407.51,602.87,230.59,295.18,239.71,269.16,346.03,249,186.71,378.97,462.45,285.19,558.69,300.65,265.59,236.56,199.01,344.83,365.4,449.31,304.37,291.56,281.05,219.53,304.46,434.61,391.95,385.3,567.87,203.42,293.27,264.56
2011/4,279.46,287.51,238.02,243.35,386.1,330.99,393.79,410.18,272.54,258.38,446.65,264.3,299.98,241.97,246.83,233.42,283.72,240.69,450.67,409.32,603.61,232.44,298.11,240.94,270.42,347.58,250.71,186.84,380.58,462.59,286.56,563.02,301.82,267.89,237.27,201.9,348.16,366.89,452.23,307.5,293.31,281.83,219.75,305.85,440.54,394.7,385.6,574.6,204.51,294.35,264.52
2012/1,276.5,285.34,236.87,242.82,381.79,329.26,387.28,407.11,267.12,251.77,448.38,261.83,296.19,239.71,246.78,231.65,283.46,239.46,445.48,403.46,599.84,227.88,292.6,238.62,268.07,349.4,250.33,184.99,375.22,456.29,281.53,558.68,297.61,270.14,234.44,202.02,342.08,363.79,445.4,302.48,293.24,279.36,219.64,305.14,438.66,390.37,379.38,578.42,202.58,291.59,265.1
2012/2,274.81,284.71,239.75,240.33,382.46,330.13,383.32,398.56,265.11,247.47,445.25,258.75,292.47,239.3,246.76,230.65,282.41,240,441.25,399.52,598.13,226.74,290.7,237.22,265.56,348.6,250.73,184.29,372.16,450.22,279.68,553.07,294.06,277.6,233.28,201.78,338.62,362.11,437.05,300.98,294.94,278.23,221.15,303.56,436.73,387.81,376.15,582.06,203.24,289.19,265.64
2012/3,276.62,287.67,249.49,243.7,391.3,335.59,384.38,401.63,271.58,250.5,453.53,264.49,295.77,241.4,248.64,232.83,284.63,243.64,442.17,404.95,602.13,231.31,295.31,239.61,268.47,352.23,251.8,188.88,374.09,452.65,281.52,554.94,297.07,282.15,235.51,203.35,345.81,364.03,439.15,303.34,296.23,281.33,223.07,309.83,438.04,392.61,383.07,591.44,204.52,291.91,267.73
2012/4,277.07,289.84,257.01,245.24,399.57,338.55,385.61,404.38,275.15,253.46,457.72,268.4,295.85,242.1,249.72,233.14,285.75,243.65,442.84,406.43,605.04,234.43,298.53,237.97,268.84,357,253.1,193.85,375.39,453.61,282.17,556.86,298.33,289.66,234.97,204.48,351.47,365.07,441.36,303.35,300.2,281.82,224.73,315.21,438.08,394.26,387.62,603,205.01,291.92,270
2013/1,274.35,293.15,263.37,246.07,408.07,342.7,383.82,404.43,279.03,253.81,461.04,270.97,294,242.11,250.12,234.01,285.68,243.24,445.85,406.49,606.92,237.07,299.78,238.21,267.7,360.04,254.54,200.21,374.25,453.53,283.42,557.49,297.73,294.34,233.92,204.54,354.25,365.3,439.15,303.12,303.25,282.01,226.39,318.09,440.07,393.78,390.43,612.93,204.45,290.96,271.01
2013/2,274.87,293.88,275.31,246.36,426.93,349.79,382.17,404.74,288.36,259.79,470.95,273.8,295.87,242.49,251.85,232.73,286.49,244.7,447.93,410.21,611.98,242.09,305.38,237.75,268.6,362.85,257.29,212.71,375.06,454.39,283.32,559.05,299.27,301.19,234.65,206.4,364.04,366.52,439.84,304.02,304.49,284.67,230.43,327.01,436.39,397.66,397.69,631.16,205.51,290.85,273.54
2013/3,274.4,297.1,283.68,247.02,448.37,358.44,381.66,406.49,295.79,263.41,480.02,282.36,296.52,243.31,252.78,235.34,285.99,246.44,444.76,412.02,619.44,247.78,311.84,238.4,269.02,367.66,258.74,226.3,379.3,454.99,283.01,561.88,300,312.13,235.84,207.51,374.34,368.2,440.57,304.56,308.57,285.35,234.44,334.63,437.85,398.52,406.25,652.39,207.89,291.08,273.68
2013/4,273.25,298.19,291.57,246.72,463.29,361.63,378.65,409.81,303.44,266.72,491.05,282.76,297.69,243.54,253.07,234.61,284.87,245.93,442.76,412.52,622.6,249.79,312.24,236.83,268.54,368.02,260.59,236.12,379.88,456.26,284.47,561.27,299.31,316.5,235.64,206.89,378.98,367.44,437.66,303.86,309.84,287.13,237.15,338.98,436.61,398.43,410.14,654.64,209.38,289.95,274.58
2014/1,275.29,295.48,297.18,247.94,472.96,366.77,377.6,408.19,308.04,270.86,495.07,287.3,298.54,243.27,252.81,235.46,285.09,246.87,444.82,413.77,626.7,252.21,314.09,239,269.08,372.48,260.36,241.94,383.49,458.77,282.96,561.64,300.94,319.6,236.08,209.36,384.56,367.53,440.16,304.97,309.28,288.83,241.09,341.16,433.23,400.1,414.79,669.74,208.79,289.37,277.77
2014/2,276.01,301.53,302.5,248.07,485.68,379.32,380.45,411.88,316.17,277.16,502.6,292.49,304.03,247.25,256.28,238.8,289.51,249.35,448.94,420.52,640.52,259.87,322.08,239.26,273.71,374.88,266.34,249.69,386.13,463.75,285.1,567.43,305.06,323.98,241.25,211.07,397.18,372.37,447.65,310.25,314.54,294.52,247.39,347.45,438.81,406.43,425.72,685.1,209.99,293.95,279.27
2014/3,279.05,305.21,305.55,250.03,495.85,387.72,383.13,417.1,323.01,282.29,512.4,296.78,308.24,249.71,258.93,242.45,290.85,253.06,456.77,423.17,647.89,265.67,325.2,241.67,276.1,383.15,268.88,258.94,392.3,468.08,287.54,575.91,308.05,331.92,243.91,214.02,403.99,374.95,455.59,313.7,317.4,296.97,251.79,351.42,440.23,409.31,434.93,692.93,212.27,297.11,283.62
2014/4,280.33,304.57,310.58,253.09,501.44,393.59,382.92,415.88,328.86,284.43,519.5,297.71,309.54,250.98,260.11,242.36,293.02,253.82,454.75,426.99,652.22,267.9,326.37,244.51,278.56,385.17,270.37,262.93,394.07,470.12,288.4,579.3,309.25,336.76,245,215,408.17,375.71,458.39,316.14,320.43,301.18,254.76,355.39,438.85,412.65,439.27,708.17,212.85,298.61,285.45
2015/1,283.36,307.36,313.03,253.07,506.56,400.9,387.52,422.28,336.26,288.54,531.53,303.48,312.77,253.73,261.18,244.32,295.68,257.25,460.74,429.32,657.93,269.08,327.14,246.44,280.77,387.98,272.23,267.97,397.39,473.99,289.74,584.57,314.21,340.14,246.43,216.88,414.69,379.7,462.6,321.91,323,303.83,258.63,358.85,443.13,414.87,445.18,714.67,212.22,300.59,288.11
2015/2,284.41,310.38,319.83,253.87,518.06,417.63,388.82,421.58,344.5,295.5,535.22,308.83,315.59,256.89,264.59,247.23,299.32,259.38,463.8,432.24,665.83,274.81,334.12,246.48,282.89,393.93,277.07,277.13,403.68,477.73,290.87,589.38,317.94,343.22,250.53,219.83,428.87,382.4,472.34,325.47,327.14,307.39,265.03,364.88,447.85,418.29,458.37,726.2,217.67,303.73,289.34
2015/3,285.9,313.97,326.55,257.76,531.36,432.75,386.71,425.23,353,299.58,543.03,315.2,316.72,257.91,267.16,250.29,301.15,262.35,466.52,432.37,676.82,279.74,339.22,249.62,285.72,397.41,281.73,284.98,408.98,478.86,293.89,594.68,320.69,349.89,253.12,222.31,442.43,383.94,474.19,328.69,331.03,312.84,270.77,372.09,447.11,420.02,471.22,743.67,216.6,306.24,295.69
2015/4,288.06,315,330.93,259.59,538.62,438.78,386.33,426.32,360.15,301.9,549.4,319.82,318.18,259.74,268.75,250.45,303.36,262.62,469.13,433.48,680.74,281.12,339.96,250.87,288.89,401.7,282.85,292.01,408.83,479.57,292.83,595.66,323.74,350.48,253.86,223.78,449.64,384.56,477.59,332.4,334.58,315.66,273.19,377.15,445.8,422.08,479.02,758.82,217.86,308.11,294.57
2016/1,288.62,315.89,334.87,258.11,545.65,446.56,386.29,428.24,366.67,304.8,564.76,324.17,319.7,259.9,270.36,252.42,305.34,265.35,473.49,437.3,688.28,283.2,341.95,252.16,291.46,404.98,282.82,295.11,412.64,482.77,294.96,598.47,327.5,350.63,255.06,223.67,459.26,386.43,478.45,335.39,337.29,319.87,277.12,382.64,443.97,421.03,488.7,763.87,218.77,310.95,294.27
2016/2,292.52,317.88,341.91,262.08,555.19,462.33,388.45,431.5,376.11,313.28,567.79,330.34,323.92,264.81,273.07,257.5,310.53,268.99,477.77,442.21,697.81,289.51,349.71,253.58,295.22,407.26,288.68,302.58,418.08,488.28,299.63,608.48,332.52,353.11,259.54,225.79,475.93,392.45,488.75,341.38,340.13,325.81,284.31,391.33,452.14,428.53,506.22,781.46,219.23,315.35,297.48
2016/3,297.43,319.88,347.59,264.79,567.25,474.83,391.61,436.94,386.55,318.92,578.42,341.38,328.47,268.73,277.12,261.44,314.01,271.29,488.19,447.73,710.12,294.96,354.99,254.57,299.82,414.4,293.84,311.67,425.51,492.93,301.56,616.71,339.08,357.26,264.9,228.43,490.28,396.56,497.49,348.92,346.74,331.63,289.97,400.27,456.79,432.28,521.38,786.08,221.06,319.53,300
2016/4,296.56,317.99,353.22,266.25,574.12,481.66,392.36,439.43,392.93,321.55,583.92,342.56,329.5,270.29,278.37,263.27,315.88,272.87,492,449.3,716.61,297.17,357.05,259.09,301.33,416.07,294.71,315.97,427.73,494.84,305.76,622.41,340.89,356.43,264.51,228.3,497.9,397.46,505.01,349.84,349.11,336.22,293.26,405.03,455.47,434.33,528.77,800.32,222.37,321.64,300.05
2017/1,298.2,319.44,358.4,269.01,580.62,490.17,386.74,439.17,400.41,324.04,585.04,349.28,328.4,270.86,280.37,262.95,318.71,271.31,495.56,447.31,720.8,301.07,360.65,258.78,302.65,422.6,298.43,319.91,430.83,490.56,304.48,624.27,342.77,358.82,265.99,231.14,503.69,398.47,508.23,353.82,351.65,340.23,297.14,412.32,456.92,433.68,538.7,798.79,219.7,324.72,298.32
2017/2,301.83,319.95,367.91,270.58,592.74,507.63,392.3,440.91,410.39,332.59,593.7,363.25,332.54,276.15,284,270.31,325.2,275.31,500.74,455.7,739.9,309.44,371.36,259.08,309.05,427.97,306.89,330.77,440.44,498.64,307.45,634.76,353.08,357.39,273.63,234.35,519.8,405.91,518.17,360.17,359.39,348.61,306.06,425.99,461.56,442.77,559.78,817.21,221.53,332.51,301.72
2017/3,304.79,323.34,375.72,274.11,604.41,515.35,394.76,442.2,417.5,338.06,602.19,371.05,336.58,280.91,287.64,272.86,329.93,278.78,510.45,459.39,750.43,315.65,376.52,261.96,312.86,436.58,310.56,341.2,448.19,504.92,313.42,647.56,357.72,361.49,277.29,235.41,528.88,411.06,528.32,367.36,364.75,355.78,310.7,435.8,461.67,445.17,576.77,829.55,222.72,336.76,302.45
2017/4,306.8,324.51,379.8,275.88,613.22,523.02,394.61,445.81,425.57,341.3,605.51,377.21,337.38,283.3,288.67,273.64,330.47,279.87,516.09,462.27,756.98,317.37,377.96,263.5,315.06,438.02,312.23,350.14,451.99,506.44,314.35,653.72,359.38,360.3,278.3,236.7,532.29,412.1,534.67,369.67,365.85,360.23,313.66,441.61,470.19,447.06,585.02,834.49,226.03,337.2,306.1
2018/1,310.4,322.32,387.99,278.96,623.75,536.72,393.03,452.97,434.09,349.58,612.37,389.17,339.1,287.82,290,277.84,335.39,280.05,521.62,464.89,765.37,321.42,383.32,265.86,319.78,444.81,315.57,361,458.55,510.1,315.78,660.69,365.88,361.84,282.09,237.52,540.05,416.99,545.07,377.77,370.85,365.88,317.79,451.06,471.65,452.21,598.96,847.01,226.28,342.14,311.38
2018/2,315.08,326.57,395.94,281.04,635.74,550.47,396.37,456.07,442.29,357.77,617.09,406.52,341.14,294.9,295.44,283.16,339.42,280.55,531.28,469.17,780.06,329.5,392.22,265.72,324.97,453.92,322.15,376.25,468.05,514.24,320.55,668.92,374.63,363.26,288.31,241.09,553.44,422.8,551.99,382.11,374.4,374.26,324.72,465.89,477.86,457.35,620.36,858.54,229.42,350.6,309.81
2018/3,317.94,326.27,405.21,283.64,643.76,558.69,399.78,457.89,449.37,363.34,622.85,417.83,342.42,298.32,297.82,284.19,342.44,282.39,537.95,470.02,789.45,334.57,396.98,267.22,328.19,458.2,327.03,387.23,474.67,518.08,324.01,679.91,379.41,362.7,292.64,242.28,559.49,426.81,559.76,387.52,379.72,379.47,328.7,475.57,479.62,459.88,627.18,862.93,228.89,354.89,315.09
2018/4,318.77,326.35,409.71,285.93,643.63,560.46,398.2,461.42,452.76,365.38,626.12,425.03,341.95,300.6,298.26,287.09,344.01,282.66,541.07,468.08,790.59,335.52,396.42,269.17,330.99,463.91,328.09,393.1,476.79,518.58,326.47,680.85,381.84,365.01,293.27,243.04,560.6,427.22,561.84,389.66,383.83,383.41,329.84,481.57,477.36,460.54,628.92,875.38,228.7,356.21,317.38
2019/1,324.76,328.56,415,288,647.55,568.32,400.05,465.27,460.07,370.97,633.09,433.57,344.97,304.72,300.1,288.71,347.46,285.86,544.85,473.21,800.08,339.89,400.84,272.35,333.61,466.07,332.13,395.83,481.31,523.08,328.48,686.14,387.82,367.5,296.54,246.47,567.19,431.87,566.62,394.61,385.86,387.2,333.77,489.68,482.74,465.48,637.33,880.12,229.42,359.79,316.78
2019/2,329.29,333.38,423.07,291.57,654.05,577.06,406.49,471.91,465.93,378.3,635.48,448.67,349.82,310.25,303.8,294.13,352.95,288.51,558.22,480.78,811.85,346.77,408.48,275.67,339.86,475.68,339.5,401.68,490.76,530.74,336.24,697.59,394.72,372.61,302.87,248.34,576.55,439.91,577.32,402.61,391.65,394.73,339.85,499.78,492.75,474.66,650.1,887.19,232.65,366.18,325.31
2019/3,333.92,335.87,429.47,294.85,660.81,582.26,411.07,477.52,473.66,383.65,641.46,458.6,353.17,314.89,306.78,297.96,358.29,290.74,565.32,485.97,821.26,350.86,413.23,279.35,343.76,483.04,342.27,405.22,497.68,538.7,342.32,707.48,399.19,375.15,307.34,252.84,583.28,445.73,584.12,407.8,396.51,400.61,343.96,507.66,499.71,479.7,658.33,900.92,234.58,370.89,330.08
2019/4,337.94,335.41,436.69,298.09,664.95,587.02,413.49,481,479.78,387.47,647.59,469.26,354.9,318.23,308.86,299.84,360.75,293.04,573.1,487.68,828.81,353.19,415.47,280.45,348.37,489.24,344.3,408.08,503.71,542.44,345.14,715.36,404.74,377.21,310.15,254.85,588.77,448.7,591.38,412.2,401.18,405.65,346.5,515.2,501.78,483.29,665.6,907.38,237.55,373.16,334.2
2020/1,342.22,338.77,445.49,299.58,670.96,593.18,415.26,486.69,486.85,393.29,646.88,479.99,356.44,321.69,310.86,303.55,364.21,296.01,579.63,492.66,837.22,356.56,419.33,285.28,352.03,496.58,348.37,412.73,509.8,546.98,350.18,722.27,410.44,378.07,314.72,258.12,594.5,454.37,596.47,417.91,406.16,411.91,350.22,521.83,508.11,488.23,676.66,913.29,239.48,376.27,337.57
2020/2,346.81,342.47,453.4,301.99,678.57,600.41,419.43,490.92,493.51,397.35,654.77,489.22,358.25,325.39,312.6,306.84,368.41,298.52,587.38,497.43,845.93,360.37,422.85,285.17,354.81,498.31,350.93,417.39,517.91,552.31,354.61,728.03,413.85,377.68,317.39,260.17,602.34,458.02,603.78,421.06,408.67,416.02,352.81,531.54,511.98,493.87,687.39,915.8,241.14,378.9,339.72
2020/3,354.08,346.35,464.45,306.88,686.25,609.9,428.51,501.29,502.18,405.26,647.75,506.7,362.13,332.64,315.57,313.12,375.46,301.31,600.89,503.74,860.81,368.32,431.88,289.54,361.14,511.42,356.01,424.15,529.66,561.92,361.76,740.15,421.71,383.38,325.25,264.21,612.6,468.23,617.08,428.2,414.28,425.72,358.33,544.34,521.58,502.4,702.91,926.67,245.72,386.44,344.74
2020/4,360.92,350.37,480.02,313.93,699.96,622.08,440.18,509.19,514.74,413.52,658.62,529.9,366.43,340.52,320.52,319.57,382.75,305.03,622.07,513.14,877.92,375.6,439.63,294.82,368.48,527.3,363.28,433.09,545.74,573.69,369.24,756.54,432.04,388.49,332.85,268.78,629.19,476.38,634.92,436.8,423.83,434.86,366.06,562.74,537.75,511.38,720.84,947.24,249.41,394.15,351.34
2021/1,367.29,352.78,500.26,318.99,718.19,637.77,451.11,523.62,529.88,424.21,667.27,557.65,370.25,346.75,323.02,324.87,389.25,308.28,640.17,523.75,895.47,382.9,445.86,298.27,374.89,544.03,368.9,447.58,560.29,586.93,379.31,773.63,441.19,388.46,338.47,273.91,649.3,486.86,650.7,446.2,428.94,446.21,374.15,583.91,551.08,521.6,740.94,954.97,253.24,398.87,356.87
2021/2,383.58,365.89,538.34,333.82,759.15,683,473.68,544.53,562.5,447.24,694.55,616.25,386.53,366.39,338.55,343.42,407.47,316.3,677.1,547.71,941.73,404.13,469.65,308.12,397.33,583.18,389.56,475.85,593.31,613.74,393.91,799.97,465.63,398.59,355.49,284.73,691.8,507.3,689.26,469.37,456.56,471.84,395.16,640.44,573.89,544.48,796.02,993.85,258.88,420.06,371.11
